name,value,rank,major
glocations,Middle East,1,N
glocations,West Bank,1,N
glocations,JERICHO (ISRAELI-OCCUPIED TERRITORY),1,N
glocations,New York City,1,N
glocations,JERICHO (ISRAELI-OCCUPIED TERRITORY),1,N
glocations,West Bank,1,N
glocations,Egypt,1,N
glocations,Middle East,1,N
glocations,West Bank,1,N
glocations,Middle East,1,N
glocations,West Bank,1,N
glocations,JERICHO (ISRAELI-OCCUPIED TERRITORY),1,N
glocations,West Bank,1,N
glocations,West Bank,1,N
glocations,JERICHO (ISRAELI-OCCUPIED TERRITORY),1,N
glocations,Middle East,1,N
glocations,West Bank,1,N
glocations,Middle East,1,N
glocations,West Bank,1,N
glocations,West Bank,1,N
glocations,Middle East,1,N
glocations,JERICHO (ISRAELI-OCCUPIED TERRITORY),1,N
glocations,Japan,1,N
glocations,West Bank,1,N
glocations,West Bank,1,N
glocations,Middle East,1,N
glocations,Middle East,1,N
glocations,West Bank,1,N
glocations,West Bank,1,N
glocations,West Bank,1,N
glocations,JERICHO (ISRAELI-OCCUPIED TERRITORY),1,N
glocations,West Bank,1,N
glocations,West Bank,1,N
glocations,West Bank,1,N
glocations,Lebanon,1,N
glocations,Egypt,1,N
glocations,Middle East,1,N
glocations,West Bank,1,N
glocations,West Bank,1,N
glocations,West Bank,1,N
glocations,Golan Heights,1,N
glocations,West Bank,1,N
glocations,JERICHO (ISRAELI-OCCUPIED TERRITORY),1,N
glocations,Middle East,1,N
glocations,Middle East,1,N
glocations,West Bank,1,N
glocations,West Bank,1,N
glocations,JERICHO (ISRAELI-OCCUPIED TERRITORY),1,N
glocations,Lebanon,1,N
glocations,West Bank,1,N
glocations,Tel Aviv (Israel),1,N
glocations,West Bank,1,N
glocations,Scandinavia,1,N
glocations,West Bank,1,N
glocations,JERICHO (ISRAELI-OCCUPIEDTERRITORY),1,N
glocations,Middle East,1,N
glocations,West Bank,1,N
glocations,West Bank,1,N
glocations,Gaza Strip,1,N
glocations,West Bank,1,N
glocations,West Bank,1,N
glocations,West Bank,1,N
glocations,West Bank,1,N
glocations,West Bank,1,N
glocations,JERICHO (ISRAELI-OCCUPIED TERRITORY),1,N
glocations,West Bank,1,N
glocations,Middle East,1,N
glocations,West Bank,1,N
glocations,West Bank,1,N
glocations,Middle East,1,N
glocations,Middle East,1,N
glocations,Middle East,1,N
glocations,Israel,1,N
glocations,Middle East,1,N
glocations,Middle East,1,N
glocations,Middle East,1,N
glocations,Middle East,1,N
glocations,Iraq,1,N
glocations,Egypt,1,N
glocations,SIDON (LEBANON),1,N
glocations,Egypt,1,N
glocations,Middle East,1,N
glocations,JERICHO (ISRAELI-OCCUPIED TERRITORY),1,N
glocations,JERICHO (ISRAELI-OCCUPIED TERRITORY),1,N
glocations,JERICHO (ISRAELI-OCCUPIED TERRITORY),1,N
glocations,Middle East,1,N
glocations,Middle East,1,N
glocations,Middle East,1,N
persons,"Segev, Tom",1,N
glocations,Commonwealth of Independent States,1,N
glocations,Iraq,1,N
glocations,Middle East,1,N
glocations,West Bank,1,N
glocations,West Bank,1,N
glocations,JERUSALEM,1,N
glocations,Middle East,1,N
glocations,Middle East,1,N
glocations,New York City,1,N
glocations,New York City,1,N
glocations,New York City,1,N
glocations,New York City,1,N
glocations,Middle East,1,N
glocations,Middle East,1,N
glocations,Venezuela,1,N
glocations,Iraq,1,N
glocations,Middle East,1,N
glocations,Israel,1,N
glocations,Middle East,1,N
glocations,Lebanon,1,N
glocations,"JORDAN, HASHEMITE KINGDOM OF",1,N
glocations,PALESTINE,1,N
glocations,Middle East,1,N
glocations,Middle East,1,N
glocations,Middle East,1,N
subject,TERMS NOT AVAILABLE,1,N
glocations,Middle East,1,N
glocations,PALESTINE,1,N
glocations,Middle East,1,N
glocations,Middle East,1,N
glocations,Middle East,1,N
glocations,Egypt,1,N
glocations,Middle East,1,N
glocations,Middle East,1,N
glocations,Syria,1,N
persons,"YACOUB, TALAAT",1,N
glocations,Lebanon,1,N
glocations,Middle East,1,N
glocations,Middle East,1,N
glocations,"JORDAN, HASHEMITE KINGDOM OF",1,N
glocations,Middle East,1,N
glocations,Lebanon,1,N
glocations,West Bank,1,N
glocations,Middle East,1,N
glocations,Middle East,1,N
glocations,Middle East,1,N
glocations,Syria,1,N
glocations,Middle East,1,N
glocations,Middle East,1,N
glocations,Middle East,1,N
glocations,Middle East,1,N
glocations,Middle East,1,N
glocations,Lebanon,1,N
glocations,Lebanon,1,N
glocations,Middle East,1,N
glocations,Middle East,1,N
glocations,Kenya,1,N
glocations,Middle East,1,N
glocations,Middle East,1,N
glocations,Middle East,1,N
glocations,Middle East,1,N
glocations,Middle East,1,N
glocations,Middle East,1,N
NA,NA,NA,NA
glocations,Middle East,1,N
glocations,Middle East,1,N
glocations,Middle East,1,N
glocations,Middle East,1,N
glocations,Middle East,1,N
glocations,Lebanon,1,N
glocations,Middle East,1,N
glocations,Middle East,1,N
glocations,Middle East,1,N
glocations,West Bank,1,N
glocations,Middle East,1,N
glocations,Middle East,1,N
glocations,"JORDAN, HASHEMITE KINGDOM OF",1,N
glocations,Middle East,1,N
glocations,Middle East,1,N
glocations,Lebanon,1,N
subject,TERMS NOT AVAILABLE,1,N
glocations,Middle East,1,N
glocations,Vienna (Austria),1,N
glocations,Lebanon,1,N
subject,NO INDEX TERMS,1,N
glocations,Middle East,1,N
glocations,Middle East,1,N
glocations,"EGYPT, ARAB REPUBLIC OF",1,N
glocations,Middle East,1,N
glocations,"EGYPT, ARAB REPUBLIC OF",1,N
glocations,Middle East,1,N
glocations,Middle East,1,N
glocations,Middle East,1,N
glocations,Lebanon,1,N
glocations,Middle East,1,N
glocations,"JORDAN, HASHEMITE KINGDOM OF",1,N
subject,TERMS NOT AVAILABLE,1,N
glocations,Middle East,1,N
glocations,Middle East,1,N
organizations,Palestine Liberation Organization,1,N
glocations,Syria,1,N
glocations,Middle East,1,N
glocations,Lebanon,1,N
glocations,Middle East,1,N
glocations,Middle East,1,N
glocations,Middle East,1,N
glocations,Middle East,1,N
subject,TERMS NOT AVAILABLE,1,N
glocations,Middle East,1,N
glocations,United States,1,N
glocations,"JORDAN, HASHEMITE KINGDOM OF",1,N
glocations,Lebanon,1,N
glocations,UNION OF SOVIET SOCIALIST REPUBLICS,1,N
glocations,Lockerbie (Scotland),1,N
glocations,Middle East,1,N
glocations,Lebanon,1,N
glocations,Middle East,1,N
glocations,Middle East,1,N
glocations,Middle East,1,N
glocations,Greece,1,N
glocations,Syria,1,N
glocations,Middle East,1,N
organizations,United Nations,1,N
glocations,Middle East,1,N
glocations,"JORDAN, HASHEMITE KINGDOM OF",1,N
glocations,Middle East,1,N
glocations,Middle East,1,N
glocations,Middle East,1,N
glocations,Middle East,1,N
glocations,West Bank,1,N
glocations,"JORDAN, HASHEMITE KINGDOM OF",1,N
glocations,Egypt,1,N
glocations,Cyprus,1,N
glocations,"JORDAN, HASHEMITE KINGDOM OF",1,N
subject,NO INDEX TERMS,1,N
glocations,Middle East,1,N
glocations,Syria,1,N
glocations,Lebanon,1,N
glocations,Syria,1,N
glocations,Middle East,1,N
glocations,Middle East,1,N
subject,TERMS NOT AVAILABLE,1,N
glocations,"JORDAN, HASHEMITE KINGDOM OF",1,N
glocations,Middle East,1,N
glocations,Middle East,1,N
glocations,Lebanon,1,N
glocations,West Bank,1,N
glocations,Middle East,1,N
glocations,Lebanon,1,N
glocations,Middle East,1,N
NA,NA,NA,NA
subject,FIRST ISRAEL FUND,1,N
glocations,Middle East,1,N
persons,"CASTEL, MOSHE",1,N
glocations,Middle East,1,N
glocations,Middle East,1,N
glocations,Middle East,1,N
glocations,Middle East,1,N
glocations,Middle East,1,N
glocations,Middle East,1,N
glocations,United States,1,N
glocations,Middle East,1,N
glocations,Syria,1,N
subject,NO INDEX TERMS,1,N
glocations,Paris (France),1,N
glocations,Middle East,1,N
glocations,Middle East,1,N
glocations,NEW PALESTINE (IND),1,N
organizations,World Health Organization,1,N
glocations,Middle East,1,N
subject,TERMS NOT AVAILABLE,1,N
glocations,Middle East,1,N
glocations,Middle East,1,N
glocations,Middle East,1,N
glocations,Middle East,1,N
glocations,Lebanon,1,N
glocations,Syria,1,N
glocations,Middle East,1,N
glocations,Middle East,1,N
glocations,Lebanon,1,N
glocations,West Bank,1,N
subject,NO INDEX TERMS,1,N
glocations,Middle East,1,N
glocations,Middle East,1,N
glocations,Haifa (Israel),1,N
glocations,Middle East,1,N
glocations,Middle East,1,N
glocations,Middle East,1,N
glocations,Middle East,1,N
glocations,Spain,1,N
glocations,Middle East,1,N
glocations,"JORDAN, HASHEMITE KINGDOM OF",1,N
glocations,Middle East,1,N
persons,"HAMMER, GOTTLIEB",1,N
glocations,Middle East,1,N
glocations,Lebanon,1,N
glocations,Middle East,1,N
glocations,Middle East,1,N
glocations,West Bank,1,N
glocations,Middle East,1,N
glocations,Lebanon,1,N
glocations,Middle East,1,N
glocations,Middle East,1,N
glocations,Middle East,1,N
glocations,Middle East,1,N
glocations,Middle East,1,N
glocations,Middle East,1,N
glocations,"ISRAEL, STATE OF",1,N
persons,"Polner, Murray",1,N
glocations,Middle East,1,N
glocations,Middle East,1,N
glocations,Middle East,1,N
glocations,Iraq,1,N
persons,"Polner, Murray",1,N
glocations,Middle East,1,N
glocations,STATE OF,1,N
glocations,Syria,1,N
glocations,Middle East,1,N
glocations,Middle East,1,N
glocations,Middle East,1,N
glocations,Middle East,1,N
glocations,Middle East,1,N
glocations,Middle East,1,N
glocations,"JORDAN, HASHEMITE KINGDOM OF",1,N
glocations,Middle East,1,N
glocations,Middle East,1,N
glocations,"EGYPT, ARAB REPUBLIC OF",1,N
glocations,Middle East,1,N
glocations,Syria,1,N
glocations,Lebanon,1,N
glocations,Middle East,1,N
glocations,"JORDAN, HASHEMITE KINGDOM OF",1,N
glocations,Egypt,1,N
persons,"HAMMER, GOTTLIEB",1,N
glocations,Middle East,1,N
glocations,Lebanon,1,N
glocations,"JORDAN, HASHEMITE KINGDOM OF",1,N
glocations,Middle East,1,N
glocations,Middle East,1,N
glocations,Middle East,1,N
glocations,Middle East,1,N
glocations,Middle East,1,N
glocations,"JORDAN, HASHEMITE KINGDOM OF",1,N
glocations,Middle East,1,N
glocations,Middle East,1,N
glocations,Middle East,1,N
glocations,"JORDAN, HASHEMITE KINGDOM OF",1,N
subject,TERMS NOT AVAILABLE,1,N
persons,"CHERRICK, BERNARD",1,N
persons,"ARENDT, HANNAH",1,N
glocations,Iran,1,N
glocations,Lebanon,1,N
glocations,Middle East,1,N
glocations,Middle East,1,N
glocations,Middle East,1,N
glocations,Middle East,1,N
glocations,Middle East,1,N
glocations,West Bank,1,N
glocations,Europe,1,N
glocations,Lebanon,1,N
glocations,Middle East,1,N
glocations,Lebanon,1,N
glocations,Iraq,1,N
glocations,Lebanon,1,N
glocations,Middle East,1,N
glocations,Middle East,1,N
glocations,Middle East,1,N
glocations,Middle East,1,N
glocations,Middle East,1,N
glocations,ALGIERS (ALGERIA),1,N
glocations,Iraq,1,N
persons,"MITTLER, PAUL",1,N
glocations,Middle East,1,N
glocations,West Bank,1,N
persons,"BEN-AMOTZ, DAHN",1,N
NA,NA,NA,NA
persons,"McDowall, David",1,N
glocations,Middle East,1,N
subject,TERMS NOT AVAILABLE,1,N
glocations,Middle East,1,N
glocations,Lebanon,1,N
subject,TERMS NOT AVAILABLE,1,N
glocations,France,1,N
glocations,Middle East,1,N
glocations,Middle East,1,N
persons,"HERNON, PETER",1,N
glocations,Middle East,1,N
glocations,Middle East,1,N
glocations,Middle East,1,N
glocations,Middle East,1,N
glocations,Middle East,1,N
glocations,Brooklyn (NYC),1,N
glocations,Middle East,1,N
glocations,Middle East,1,N
glocations,France,1,N
glocations,Lebanon,1,N
glocations,Egypt,1,N
glocations,West Bank,1,N
glocations,Syria,1,N
glocations,Middle East,1,N
glocations,Lebanon,1,N
glocations,Lebanon,1,N
glocations,Middle East,1,N
glocations,Middle East,1,N
glocations,Middle East,1,N
glocations,Middle East,1,N
glocations,China,1,N
glocations,Middle East,1,N
glocations,Paris (France),1,N
glocations,Great Britain,1,N
glocations,Middle East,1,N
glocations,Middle East,1,N
glocations,Middle East,1,N
glocations,Middle East,1,N
persons,"ELATH, ELIAHU",1,N
persons,"Whitehouse, Anne",1,N
glocations,"CHINA, PEOPLE'S REPUBLIC OF",1,N
glocations,JERICHO (OCCUPIED WEST BANK),1,N
glocations,Middle East,1,N
organizations,"JUSTICE, DEPARTMENT OF",1,N
organizations,INTERNATIONAL COURT OF JUSTICE,1,N
NA,NA,NA,NA
glocations,Middle East,1,N
subject,TERMS NOT AVAILABLE,1,N
persons,"MILES, JOHN A",1,N
glocations,Middle East,1,N
glocations,Middle East,1,N
glocations,Tunis (Tunisia),1,N
glocations,United States,1,N
glocations,Europe,1,N
glocations,Middle East,1,N
glocations,Middle East,1,N
glocations,Iraq,1,N
glocations,Lebanon,1,N
glocations,Lebanon,1,N
glocations,Middle East,1,N
glocations,Middle East,1,N
glocations,Middle East,1,N
subject,TERMS NOT AVAILABLE,1,N
glocations,Middle East,1,N
glocations,Lebanon,1,N
glocations,Great Britain,1,N
glocations,Middle East,1,N
persons,"Stansky, Peter",1,N
glocations,Cyprus,1,N
glocations,Middle East,1,N
glocations,Middle East,1,N
glocations,Middle East,1,N
persons,"WALEY-COHEN, BERNARD",1,N
subject,NO INDEX TERMS,1,N
glocations,Middle East,1,N
subject,NO INDEX TERMS,1,N
glocations,Middle East,1,N
glocations,Lebanon,1,N
glocations,"EGYPT, ARAB REPUBLIC OF",1,N
glocations,Syria,1,N
glocations,Middle East,1,N
glocations,Middle East,1,N
organizations,Stanford University,1,N
glocations,Middle East,1,N
glocations,Middle East,1,N
glocations,Middle East,1,N
glocations,Middle East,1,N
glocations,Middle East,1,N
glocations,Lebanon,1,N
glocations,Middle East,1,N
glocations,Great Britain,1,N
glocations,Middle East,1,N
glocations,Middle East,1,N
glocations,Iraq,1,N
glocations,Spain,1,N
glocations,Israel,1,N
glocations,Lebanon,1,N
glocations,Middle East,1,N
subject,TERMS NOT AVAILABLE,1,N
glocations,Los Angeles (Calif),1,N
glocations,Lebanon,1,N
glocations,Cyprus,1,N
organizations,United Nations,1,N
glocations,Middle East,1,N
glocations,United States,1,N
glocations,Middle East,1,N
glocations,Middle East,1,N
glocations,Lebanon,1,N
glocations,Syria,1,N
glocations,France,1,N
glocations,Tel Aviv (Israel),1,N
glocations,Middle East,1,N
glocations,Lockerbie (Scotland),1,N
glocations,Middle East,1,N
glocations,"JORDAN, HASHEMITE KINGDOM OF",1,N
glocations,Syria,1,N
glocations,Iraq,1,N
glocations,Middle East,1,N
glocations,Middle East,1,N
NA,NA,NA,NA
NA,NA,NA,NA
glocations,Middle East,1,N
glocations,Egypt,1,N
glocations,Middle East,1,N
glocations,Middle East,1,N
glocations,Middle East,1,N
glocations,ALGERIA,1,N
glocations,Middle East,1,N
glocations,Egypt,1,N
glocations,Middle East,1,N
glocations,Middle East,1,N
glocations,France,1,N
glocations,Lebanon,1,N
glocations,Middle East,1,N
subject,TERMS NOT AVAILABLE,1,N
subject,TERMS NOT AVAILABLE,1,N
glocations,Middle East,1,N
glocations,Middle East,1,N
glocations,Middle East,1,N
glocations,United States,1,N
glocations,"EGYPT, ARAB REPUBLIC OF",1,N
glocations,Middle East,1,N
glocations,Lebanon,1,N
glocations,Lebanon,1,N
glocations,Middle East,1,N
glocations,Middle East,1,N
glocations,Middle East,1,N
glocations,Egypt,1,N
glocations,Middle East,1,N
glocations,Lebanon,1,N
glocations,Middle East,1,N
glocations,Middle East,1,N
glocations,Middle East,1,N
glocations,METULLA (ISRAEL),1,N
glocations,Lebanon,1,N
glocations,Middle East,1,N
glocations,Middle East,1,N
glocations,Middle East,1,N
glocations,Syria,1,N
glocations,Middle East,1,N
glocations,Middle East,1,N
persons,"MORRISON, JOSHUA",1,N
glocations,Lebanon,1,N
glocations,Middle East,1,N
glocations,Middle East,1,N
glocations,Middle East,1,N
glocations,Middle East,1,N
glocations,Iraq,1,N
glocations,Middle East,1,N
glocations,Middle East,1,N
glocations,West Bank,1,N
glocations,Iraq,1,N
glocations,West Bank,1,N
glocations,Middle East,1,N
glocations,France,1,N
glocations,Middle East,1,N
glocations,"JORDAN, HASHEMITE KINGDOM OF",1,N
glocations,Middle East,1,N
glocations,Middle East,1,N
glocations,Middle East,1,N
glocations,Middle East,1,N
glocations,"CHINA, PEOPLE'S REPUBLIC OF",1,N
glocations,Lebanon,1,N
glocations,Lebanon,1,N
glocations,Middle East,1,N
glocations,Middle East,1,N
glocations,Middle East,1,N
glocations,West Bank,1,N
glocations,Paris (France),1,N
glocations,Iraq,1,N
glocations,"JORDAN, HASHEMITE KINGDOM OF",1,N
glocations,Iraq,1,N
glocations,Iraq,1,N
glocations,"JORDAN, HASHEMITE KINGDOM OF",1,N
glocations,Lebanon,1,N
glocations,Egypt,1,N
persons,"JOHNSON, JOSEPH E",1,N
glocations,Middle East,1,N
glocations,Middle East,1,N
glocations,Lebanon,1,N
glocations,Middle East,1,N
glocations,Lebanon,1,N
glocations,Middle East,1,N
glocations,Middle East,1,N
glocations,Lebanon,1,N
glocations,China,1,N
glocations,Middle East,1,N
glocations,Great Britain,1,N
glocations,South Africa,1,N
glocations,Lebanon,1,N
glocations,Israel,1,N
glocations,Iraq,1,N
glocations,Middle East,1,N
glocations,Middle East,1,N
glocations,Middle East,1,N
persons,"BOWERSOCK, G W",1,N
glocations,Iraq,1,N
glocations,Middle East,1,N
glocations,Middle East,1,N
glocations,Middle East,1,N
NA,NA,NA,NA
glocations,West Bank,1,N
glocations,Middle East,1,N
glocations,Middle East,1,N
glocations,Lebanon,1,N
glocations,Tunis (Tunisia),1,N
glocations,Tel Aviv (Israel),1,N
glocations,"JORDAN, HASHEMITE KINGDOM OF",1,N
glocations,Middle East,1,N
glocations,Syria,1,N
glocations,Middle East,1,N
glocations,"JORDAN, HASHEMITE KINGDOM OF",1,N
glocations,Middle East,1,N
glocations,Middle East,1,N
persons,"Shlaim, Avi",1,N
glocations,Middle East,1,N
glocations,West Bank,1,N
subject,News and News Media,1,N
glocations,Middle East,1,N
glocations,West Bank,1,N
subject,TERMS NOT AVAILABLE,1,N
subject,NO INDEX TERMS,1,N
persons,"HUSSEINI, ISHAK MOUSA",1,N
glocations,UNION OF SOVIET SOCIALIST REPUBLICS,1,N
glocations,Middle East,1,N
glocations,Middle East,1,N
glocations,Middle East,1,N
glocations,West Bank,1,N
glocations,Middle East,1,N
persons,"GEORGE, JAWAD F",1,N
organizations,United Nations,1,N
glocations,Lebanon,1,N
NA,NA,NA,NA
glocations,Lebanon,1,N
subject,Accidents and Safety,1,N
glocations,Italy,1,N
glocations,Iraq,1,N
organizations,World Health Organization,1,N
glocations,Middle East,1,N
glocations,Middle East,1,N
glocations,West Bank,1,N
glocations,Lebanon,1,N
glocations,Middle East,1,N
glocations,Middle East,1,N
NA,NA,NA,NA
glocations,Lebanon,1,N
glocations,Iraq,1,N
glocations,Middle East,1,N
glocations,Middle East,1,N
organizations,United Nations,1,N
persons,"HEXTER, MAURICE B",1,N
glocations,Syria,1,N
subject,TERMS NOT AVAILABLE,1,N
glocations,Middle East,1,N
glocations,Egypt,1,N
glocations,Lebanon,1,N
glocations,Great Britain,1,N
glocations,Middle East,1,N
glocations,Middle East,1,N
glocations,"JORDAN, HASHEMITE KINGDOM OF",1,N
glocations,Middle East,1,N
glocations,Lebanon,1,N
glocations,"JORDAN, HASHEMITE KINGDOM OF",1,N
subject,TERMS NOT AVAILABLE,1,N
organizations,United Nations,1,N
glocations,Texas,1,N
glocations,Middle East,1,N
glocations,Middle East,1,N
persons,"INSELBUCH, DORA R",1,N
glocations,Middle East,1,N
glocations,Middle East,1,N
subject,TERMS NOT AVAILABLE,1,N
glocations,Middle East,1,N
glocations,Middle East,1,N
glocations,Middle East,1,N
glocations,Syria,1,N
glocations,Middle East,1,N
organizations,Palestine Liberation Organization,1,N
glocations,Middle East,1,N
glocations,Middle East,1,N
glocations,Middle East,1,N
persons,"SANDERS, RONALD",1,N
glocations,Middle East,1,N
glocations,Middle East,1,N
glocations,Middle East,1,N
glocations,Tunis (Tunisia),1,N
glocations,Syria,1,N
glocations,Middle East,1,N
glocations,Middle East,1,N
glocations,Middle East,1,N
glocations,Middle East,1,N
glocations,Middle East,1,N
glocations,"EGYPT, ARAB REPUBLIC OF",1,N
glocations,Middle East,1,N
glocations,Middle East,1,N
glocations,Middle East,1,N
glocations,Middle East,1,N
glocations,Middle East,1,N
glocations,Lebanon,1,N
glocations,West Bank,1,N
glocations,China,1,N
glocations,Middle East,1,N
glocations,Lebanon,1,N
glocations,Middle East,1,N
glocations,Great Britain,1,N
glocations,Syria,1,N
glocations,Middle East,1,N
glocations,Middle East,1,N
glocations,Egypt,1,N
glocations,West Bank,1,N
glocations,Lebanon,1,N
glocations,Middle East,1,N
glocations,Middle East,1,N
glocations,"JORDAN, HASHEMITE KINGDOM OF",1,N
glocations,Middle East,1,N
glocations,United States,1,N
glocations,Iraq,1,N
glocations,Middle East,1,N
glocations,Middle East,1,N
persons,"LOUIS, WM. ROGER",1,N
glocations,"EGYPT, ARAB REPUBLIC OF",1,N
glocations,Middle East,1,N
glocations,Syria,1,N
persons,"SILVERSTONE, DOROTHY",1,N
glocations,Iraq,1,N
glocations,Italy,1,N
glocations,Middle East,1,N
glocations,Israel,1,N
glocations,West Bank,1,N
glocations,Middle East,1,N
glocations,Lebanon,1,N
glocations,West Bank,1,N
glocations,Lebanon,1,N
subject,Numismatics,1,N
subject,TERMS NOT AVAILABLE,1,N
glocations,Lebanon,1,N
glocations,SEPPHORIS (ISRAEL),1,N
subject,TERMS NOT AVAILABLE,1,N
persons,"Caplan, Richard",1,N
persons,"LOWENBERG, PETER",1,N
glocations,Middle East,1,N
persons,"LOWENTHAL, RONIT AMIR",1,N
persons,"GOLDSMITH, MORRIS",1,N
persons,"MATLAW, MYRON",1,N
glocations,Italy,1,N
glocations,Middle East,1,N
glocations,Middle East,1,N
glocations,Lebanon,1,N
glocations,Negev Desert,1,N
glocations,Middle East,1,N
glocations,Lebanon,1,N
glocations,Egypt,1,N
glocations,Scotland,1,N
glocations,Lebanon,1,N
glocations,"EGYPT, ARAB REPUBLIC OF",1,N
glocations,Middle East,1,N
glocations,Middle East,1,N
glocations,Syria,1,N
subject,TERMS NOT AVAILABLE,1,N
glocations,"JORDAN, HASHEMITE KINGDOM OF",1,N
glocations,Middle East,1,N
glocations,"EUROPE, WEST",1,N
glocations,Middle East,1,N
glocations,Middle East,1,N
glocations,Egypt,1,N
glocations,RAMALLAH (ISRAEL),1,N
glocations,Middle East,1,N
glocations,"JORDAN, HASHEMITE KINGDOM OF",1,N
glocations,Middle East,1,N
glocations,"JORDAN, HASHEMITE KINGDOM OF",1,N
glocations,Middle East,1,N
glocations,Israel,1,N
NA,NA,NA,NA
persons,"GELBER, LIONEL M",1,N
glocations,West Bank,1,N
persons,"SANDERS, RONALD",1,N
glocations,"JORDAN, HASHEMITE KINGDOM OF",1,N
glocations,Middle East,1,N
glocations,Middle East,1,N
glocations,Iraq,1,N
glocations,Middle East,1,N
glocations,Middle East,1,N
glocations,Lebanon,1,N
glocations,Middle East,1,N
NA,NA,NA,NA
glocations,Iraq,1,N
glocations,Middle East,1,N
glocations,United States,1,N
glocations,UNION OF SOVIET SOCIALIST REPUBLICS,1,N
glocations,Lebanon,1,N
persons,"Hausner, Gideon",1,N
glocations,Lebanon,1,N
glocations,India,1,N
glocations,Middle East,1,N
glocations,Middle East,1,N
glocations,Great Britain,1,N
glocations,Middle East,1,N
glocations,Middle East,1,N
glocations,Lebanon,1,N
glocations,Middle East,1,N
glocations,West Bank,1,N
glocations,Middle East,1,N
glocations,Middle East,1,N
glocations,Middle East,1,N
glocations,Middle East,1,N
glocations,Middle East,1,N
glocations,Middle East,1,N
glocations,Middle East,1,N
glocations,West Bank,1,N
glocations,West Bank,1,N
glocations,Lebanon,1,N
glocations,Egypt,1,N
glocations,Middle East,1,N
glocations,Lebanon,1,N
glocations,Middle East,1,N
glocations,Egypt,1,N
glocations,Lebanon,1,N
glocations,Middle East,1,N
glocations,Middle East,1,N
glocations,Haifa (Israel),1,N
glocations,Middle East,1,N
glocations,"EGYPT, ARAB REPUBLIC OF",1,N
glocations,"EGYPT, ARAB REPUBLIC OF",1,N
glocations,United States,1,N
glocations,West Bank,1,N
glocations,Middle East,1,N
glocations,Middle East,1,N
glocations,Middle East,1,N
glocations,Middle East,1,N
glocations,Middle East,1,N
glocations,Middle East,1,N
glocations,Middle East,1,N
glocations,Middle East,1,N
glocations,Middle East,1,N
subject,TERMS NOT AVAILABLE,1,N
glocations,Middle East,1,N
glocations,Middle East,1,N
glocations,United States,1,N
glocations,AFGHANISTAN,1,N
persons,"RUBINSTEIN, LIONEL E",1,N
glocations,Lebanon,1,N
glocations,Middle East,1,N
glocations,Lebanon,1,N
NA,NA,NA,NA
persons,"ISH-SHALOM, MORDECHAI",1,N
glocations,Syria,1,N
glocations,"JORDAN, HASHEMITE KINGDOM OF",1,N
glocations,Iraq,1,N
glocations,Iraq,1,N
subject,Hats and Caps,1,N
glocations,Basra (Iraq),1,N
glocations,West Bank,1,N
persons,"Hertzberg, Arthur",1,N
glocations,Middle East,1,N
glocations,Iraq,1,N
glocations,Middle East,1,N
glocations,Middle East,1,N
organizations,"TEMPLE B'NAI OR (MORRISTOWN, NJ)",1,N
glocations,Lebanon,1,N
glocations,West Bank,1,N
glocations,Middle East,1,N
glocations,Middle East,1,N
glocations,Middle East,1,N
glocations,West Bank,1,N
glocations,Middle East,1,N
glocations,Lebanon,1,N
glocations,France,1,N
glocations,West Bank,1,N
glocations,Middle East,1,N
glocations,Middle East,1,N
glocations,Middle East,1,N
glocations,West Bank,1,N
glocations,Middle East,1,N
glocations,Middle East,1,N
glocations,Egypt,1,N
glocations,Japan,1,N
glocations,Iraq,1,N
glocations,Middle East,1,N
glocations,Middle East,1,N
glocations,Middle East,1,N
glocations,Middle East,1,N
glocations,"EGYPT, ARAB REPUBLIC OF",1,N
glocations,Middle East,1,N
glocations,Great Britain,1,N
glocations,Middle East,1,N
glocations,Middle East,1,N
glocations,Middle East,1,N
glocations,Middle East,1,N
glocations,Middle East,1,N
persons,"PEROWNE, STEWART",1,N
glocations,"INDONESIA, REPUBLIC OF",1,N
glocations,Lebanon,1,N
glocations,Iraq,1,N
glocations,Middle East,1,N
glocations,Middle East,1,N
glocations,Lebanon,1,N
glocations,Egypt,1,N
glocations,Lebanon,1,N
glocations,Lebanon,1,N
glocations,Middle East,1,N
glocations,Middle East,1,N
glocations,Iraq,1,N
glocations,Lebanon,1,N
glocations,"JORDAN, HASHEMITE KINGDOM OF",1,N
glocations,Great Britain,1,N
persons,"WEINTRAUB, AARON",1,N
glocations,Iraq,1,N
glocations,Middle East,1,N
persons,"Hurewitz, J C",1,N
glocations,Middle East,1,N
persons,"O'Neill, William L",1,N
glocations,Middle East,1,N
glocations,Scotland,1,N
glocations,Middle East,1,N
glocations,Middle East,1,N
glocations,Middle East,1,N
persons,"TORCZYNER, DIAMOND",1,N
persons,"WYZANSKI, GISELA WARBURG",1,N
subject,TERMS NOT AVAILABLE,1,N
persons,"RICHARDS, ARTHUR L",1,N
glocations,Middle East,1,N
glocations,Middle East,1,N
subject,TERMS NOT AVAILABLE,1,N
glocations,"JORDAN, HASHEMITE KINGDOM OF",1,N
subject,TERMS NOT AVAILABLE,1,N
subject,TERMS NOT AVAILABLE,1,N
persons,"PEET, JOHN",1,N
glocations,Lebanon,1,N
glocations,Middle East,1,N
glocations,Denmark,1,N
organizations,Federal Communications Commission,1,N
glocations,Lebanon,1,N
glocations,Scotland,1,N
glocations,Middle East,1,N
glocations,Middle East,1,N
glocations,Iraq,1,N
glocations,Lebanon,1,N
glocations,Lebanon,1,N
glocations,Middle East,1,N
glocations,West Bank,1,N
glocations,Middle East,1,N
glocations,Middle East,1,N
glocations,Middle East,1,N
glocations,West Bank,1,N
glocations,Lebanon,1,N
glocations,Lebanon,1,N
glocations,Middle East,1,N
glocations,JERICHO (ISRAELI-OCCUPIED TERRITORY),1,N
glocations,Iraq,1,N
glocations,Middle East,1,N
glocations,Greece,1,N
glocations,Middle East,1,N
glocations,Lebanon,1,N
glocations,Middle East,1,N
glocations,Tunis (Tunisia),1,N
glocations,Middle East,1,N
glocations,Iraq,1,N
glocations,Lebanon,1,N
glocations,West Bank,1,N
glocations,Lebanon,1,N
glocations,Middle East,1,N
glocations,Middle East,1,N
glocations,BELGRADE (YUGOSLAVIA),1,N
glocations,Middle East,1,N
glocations,Egypt,1,N
glocations,"EGYPT, ARAB REPUBLIC OF",1,N
glocations,United States,1,N
glocations,Middle East,1,N
glocations,Middle East,1,N
glocations,Iraq,1,N
glocations,"JORDAN, HASHEMITE KINGDOM OF",1,N
glocations,Middle East,1,N
glocations,Great Britain,1,N
glocations,"EUROPE, WEST",1,N
subject,TERMS NOT AVAILABLE,1,N
glocations,Middle East,1,N
glocations,Middle East,1,N
glocations,United States,1,N
glocations,Lebanon,1,N
glocations,Syria,1,N
glocations,Middle East,1,N
glocations,Middle East,1,N
glocations,West Bank,1,N
glocations,MOSCOW (USSR),1,N
subject,TERMS NOT AVAILABLE,1,N
glocations,Middle East,1,N
glocations,Middle East,1,N
glocations,Middle East,1,N
glocations,Middle East,1,N
glocations,Lebanon,1,N
glocations,United States,1,N
glocations,Middle East,1,N
glocations,Middle East,1,N
glocations,Middle East,1,N
glocations,Lebanon,1,N
persons,ABBAS BEN SHEIK EL-HOCINE,1,N
glocations,Middle East,1,N
glocations,"JORDAN, HASHEMITE KINGDOM OF",1,N
persons,"ARONI, ZVEE",1,N
persons,"Brenner, Leslie",1,N
glocations,Lebanon,1,N
persons,"Lovinger, Joseph",1,N
persons,"HERZ, RONY",1,N
glocations,Middle East,1,N
glocations,Middle East,1,N
persons,"AYALTI, HANAN J",1,N
glocations,Lebanon,1,N
glocations,Lebanon,1,N
glocations,Middle East,1,N
persons,ABBAS BEN SHEIK EL-HOCINE,1,N
persons,"DE ROTHSCHILD, DOROTHY",1,N
glocations,New York City,1,N
glocations,Middle East,1,N
glocations,Egypt,1,N
glocations,Iraq,1,N
glocations,Iraq,1,N
glocations,Egypt,1,N
glocations,Middle East,1,N
glocations,"JORDAN, HASHEMITE KINGDOM OF",1,N
glocations,New York City,1,N
glocations,Iraq,1,N
glocations,Middle East,1,N
glocations,Middle East,1,N
glocations,"EGYPT, ARAB REPUBLIC OF",1,N
glocations,"JORDAN, HASHEMITE KINGDOM OF",1,N
glocations,Middle East,1,N
glocations,"EGYPT, ARAB REPUBLIC OF",1,N
glocations,Middle East,1,N
glocations,Middle East,1,N
glocations,Middle East,1,N
glocations,Iraq,1,N
glocations,Persian Gulf,1,N
glocations,Middle East,1,N
glocations,Middle East,1,N
glocations,Tunis (Tunisia),1,N
glocations,Middle East,1,N
glocations,"JORDAN, HASHEMITE KINGDOM OF",1,N
glocations,Egypt,1,N
glocations,Lebanon,1,N
glocations,West Bank,1,N
glocations,Iraq,1,N
glocations,Middle East,1,N
glocations,"JORDAN, HASHEMITE KINGDOM OF",1,N
glocations,Middle East,1,N
glocations,"EGYPT, ARAB REPUBLIC OF",1,N
glocations,"EGYPT, ARAB REPUBLIC OF",1,N
subject,TERMS NOT AVAILABLE,1,N
glocations,West Bank,1,N
glocations,Middle East,1,N
glocations,Middle East,1,N
glocations,Middle East,1,N
glocations,Syria,1,N
glocations,"JORDAN, HASHEMITE KINGDOM OF",1,N
glocations,Middle East,1,N
glocations,"JORDAN, HASHEMITE KINGDOM OF",1,N
glocations,Great Britain,1,N
glocations,Middle East,1,N
glocations,Middle East,1,N
glocations,Iraq,1,N
persons,"URBACH, EPHRAIM E",1,N
glocations,Lebanon,1,N
glocations,Persian Gulf,1,N
glocations,Lebanon,1,N
persons,"BERNSTEIN, VICTOR H",1,N
persons,"SHAPIRO, CONSTANTINE",1,N
glocations,Lebanon,1,N
glocations,ALGIERS (ALGERIA),1,N
persons,"MITTELMARK, HOWARD",1,N
organizations,AMERICAN BANK NOTE CO,1,N
glocations,Middle East,1,N
glocations,Middle East,1,N
glocations,Nicaragua,1,N
glocations,Middle East,1,N
glocations,China,1,N
glocations,Germany,1,N
glocations,Lebanon,1,N
glocations,Lebanon,1,N
glocations,Middle East,1,N
glocations,Iraq,1,N
glocations,Middle East,1,N
glocations,Lebanon,1,N
glocations,"EGYPT, ARAB REPUBLIC OF",1,N
glocations,Middle East,1,N
subject,TERMS NOT AVAILABLE,1,N
glocations,Lebanon,1,N
organizations,United Nations,1,N
glocations,Lebanon,1,N
persons,"BUSHNAQ, INEA",1,N
glocations,"EGYPT, ARAB REPUBLIC OF",1,N
glocations,Lebanon,1,N
glocations,Middle East,1,N
glocations,Middle East,1,N
glocations,Middle East,1,N
glocations,Middle East,1,N
glocations,West Bank,1,N
glocations,Middle East,1,N
glocations,Middle East,1,N
glocations,Great Britain,1,N
glocations,Egypt,1,N
glocations,Middle East,1,N
organizations,New York University,1,N
glocations,West Bank,1,N
glocations,Middle East,1,N
glocations,Middle East,1,N
glocations,Iraq,1,N
glocations,Middle East,1,N
glocations,West Bank,1,N
glocations,Middle East,1,N
glocations,Lebanon,1,N
persons,"FREEMAN, TIKI",1,N
glocations,Middle East,1,N
glocations,Middle East,1,N
creative_works,NEWS SUMMARY (NYT),1,N
glocations,Middle East,1,N
persons,"Shalev, Meir",1,N
glocations,Middle East,1,N
glocations,Europe,1,N
glocations,Lebanon,1,N
glocations,Middle East,1,N
glocations,Great Britain,1,N
glocations,Iraq,1,N
glocations,Middle East,1,N
glocations,United States,1,N
glocations,Middle East,1,N
glocations,Lebanon,1,N
glocations,Middle East,1,N
persons,"Genet, Jean",1,N
glocations,Middle East,1,N
glocations,Middle East,1,N
glocations,Middle East,1,N
glocations,Tel Aviv (Israel),1,N
glocations,Middle East,1,N
glocations,Middle East,1,N
glocations,Middle East,1,N
glocations,"JORDAN, HASHEMITE KINGDOM OF",1,N
glocations,Lebanon,1,N
glocations,Middle East,1,N
glocations,Middle East,1,N
glocations,"JORDAN, HASHEMITE KINGDOM OF",1,N
glocations,Lebanon,1,N
persons,"GIMPEL, JAKOB",1,N
creative_works,SATURDAY NEWS QUIZ (TIMES COLUMN),1,N
glocations,Lebanon,1,N
glocations,Lebanon,1,N
persons,"KINSTLER, CLYSTA",1,N
subject,Reviews,1,N
glocations,Iraq,1,N
glocations,Middle East,1,N
glocations,Great Britain,1,N
glocations,Lebanon,1,N
glocations,NEW YORK CITY METROPOLITAN AREA,1,N
glocations,Iraq,1,N
glocations,Iraq,1,N
glocations,Middle East,1,N
glocations,Middle East,1,N
glocations,Middle East,1,N
glocations,Iran,1,N
glocations,Middle East,1,N
organizations,Israel Philharmonic,1,N
glocations,Iraq,1,N
glocations,Middle East,1,N
glocations,Middle East,1,N
glocations,Middle East,1,N
glocations,"EGYPT, ARAB REPUBLIC OF",1,N
glocations,Great Britain,1,N
glocations,Middle East,1,N
glocations,"JORDAN, HASHEMITE KINGDOM OF",1,N
glocations,Middle East,1,N
glocations,West Bank,1,N
glocations,Syria,1,N
persons,"Singer, Isaac Bashevis",1,N
glocations,Middle East,1,N
glocations,"JORDAN, HASHEMITE KINGDOM OF",1,N
glocations,"JORDAN, HASHEMITE KINGDOM OF",1,N
glocations,Middle East,1,N
glocations,Middle East,1,N
glocations,Middle East,1,N
glocations,Middle East,1,N
persons,"LOTZ, WOLFGANG",1,N
glocations,"JORDAN, HASHEMITE KINGDOM OF",1,N
glocations,Hungary,1,N
NA,NA,NA,NA
persons,"NATHAN, ERNEST",1,N
glocations,Middle East,1,N
subject,TERMS NOT AVAILABLE,1,N
glocations,Lebanon,1,N
persons,"COLMAN, CATHY A",1,N
glocations,Persian Gulf,1,N
glocations,Middle East,1,N
creative_works,SATURDAY NEWS QUIZ (TIMES COLUMN),1,N
glocations,Iraq,1,N
persons,"GOLDBERG, MORRIS M",1,N
glocations,France,1,N
persons,"LEVIN, STANLEY",1,N
persons,"SHAWA, RASHAD AL-",1,N
NA,NA,NA,NA
glocations,Baghdad (Iraq),1,N
glocations,Lebanon,1,N
glocations,Israel,1,N
glocations,Middle East,1,N
glocations,"EGYPT, ARAB REPUBLIC OF",1,N
glocations,West Bank,1,N
glocations,Middle East,1,N
glocations,Iraq,1,N
glocations,Israel,1,N
glocations,Lebanon,1,N
glocations,Middle East,1,N
glocations,Middle East,1,N
glocations,Lebanon,1,N
glocations,"EGYPT, ARAB REPUBLIC OF",1,N
glocations,Israel,1,N
glocations,Iraq,1,N
glocations,Middle East,1,N
glocations,France,1,N
glocations,Great Britain,1,N
glocations,Hungary,1,N
organizations,ARISTA RECORDS,1,N
glocations,Middle East,1,N
glocations,Iraq,1,N
glocations,Egypt,1,N
glocations,Middle East,1,N
glocations,Middle East,1,N
glocations,Iraq,1,N
glocations,"EGYPT, ARAB REPUBLIC OF",1,N
glocations,Iraq,1,N
glocations,Middle East,1,N
glocations,Middle East,1,N
glocations,Middle East,1,N
glocations,Netherlands,1,N
glocations,Iraq,1,N
glocations,Middle East,1,N
glocations,Middle East,1,N
glocations,Lebanon,1,N
glocations,LIMASSOL (CYPRUS),1,N
glocations,Middle East,1,N
glocations,"JORDAN, HASHEMITE KINGDOM OF",1,N
glocations,Middle East,1,N
organizations,Yale Center for British Art,1,N
persons,HARDING,1,N
persons,"GRUENEWALD, MAX",1,N
glocations,Syria,1,N
glocations,Middle East,1,N
glocations,Greece,1,N
glocations,Lebanon,1,N
creative_works,SATURDAY NEWS QUIZ (TIMES COLUMN),1,N
glocations,Middle East,1,N
subject,Science and Technology,1,N
glocations,Iran,1,N
glocations,"EGYPT, ARAB REPUBLIC OF",1,N
glocations,Iraq,1,N
glocations,New York City,1,N
NA,NA,NA,NA
glocations,"EGYPT, ARAB REPUBLIC OF",1,N
NA,NA,NA,NA
glocations,Middle East,1,N
glocations,Syria,1,N
glocations,Commonwealth of Independent States,1,N
glocations,Middle East,1,N
glocations,Middle East,1,N
glocations,"EGYPT, ARAB REPUBLIC OF",1,N
glocations,Lebanon,1,N
glocations,Egypt,1,N
glocations,New York City,1,N
subject,TERMS NOT AVAILABLE,1,N
glocations,Middle East,1,N
subject,TERMS NOT AVAILABLE,1,N
glocations,Middle East,1,N
persons,"YARON, DAN",1,N
glocations,Persian Gulf,1,N
glocations,"JORDAN, HASHEMITE KINGDOM OF",1,N
subject,TERMS NOT AVAILABLE,1,N
glocations,Middle East,1,N
glocations,Middle East,1,N
glocations,West Bank,1,N
glocations,West Bank,1,N
glocations,Middle East,1,N
glocations,West Bank,1,N
glocations,Middle East,1,N
glocations,Syria,1,N
glocations,Iraq,1,N
glocations,West Bank,1,N
glocations,Middle East,1,N
glocations,Iraq,1,N
persons,"Bush, George",1,N
glocations,Syria,1,N
glocations,Middle East,1,N
glocations,South Africa,1,N
glocations,Egypt,1,N
glocations,Middle East,1,N
glocations,Middle East,1,N
glocations,Iraq,1,N
glocations,Middle East,1,N
glocations,Middle East,1,N
glocations,Egypt,1,N
glocations,"JORDAN, HASHEMITE KINGDOM OF",1,N
glocations,Middle East,1,N
glocations,Middle East,1,N
glocations,Lebanon,1,N
glocations,Middle East,1,N
glocations,Canada,1,N
glocations,Lebanon,1,N
glocations,Middle East,1,N
glocations,Lebanon,1,N
glocations,Middle East,1,N
glocations,Middle East,1,N
glocations,Middle East,1,N
glocations,Middle East,1,N
glocations,Middle East,1,N
glocations,Middle East,1,N
persons,"KHAN, INAMULLAH",1,N
organizations,MACNEIL/LEHRER NEWSHOUR,1,N
glocations,Lebanon,1,N
glocations,UNION OF SOVIET SOCIALIST REPUBLICS (USSR),1,N
glocations,Middle East,1,N
glocations,"JORDAN, HASHEMITE KINGDOM OF",1,N
glocations,Middle East,1,N
glocations,Middle East,1,N
glocations,Lebanon,1,N
glocations,Middle East,1,N
glocations,Middle East,1,N
glocations,United States,1,N
persons,"Campbell, Robert",1,N
glocations,Middle East,1,N
glocations,Egypt,1,N
glocations,Middle East,1,N
glocations,Syria,1,N
glocations,Middle East,1,N
glocations,Lebanon,1,N
glocations,Lebanon,1,N
glocations,Middle East,1,N
persons,"Perl, William R",1,N
NA,NA,NA,NA
glocations,Middle East,1,N
persons,"Gilbert, Martin",1,N
NA,NA,NA,NA
glocations,Japan,1,N
glocations,Lebanon,1,N
glocations,Middle East,1,N
persons,"Taitz, Sonia",1,N
persons,"HORWITT, NATHAN",1,N
glocations,Greece,1,N
subject,TERMS NOT AVAILABLE,1,N
organizations,INDIANAPOLIS SYMPHONY ORCHESTRA,1,N
glocations,Lebanon,1,N
persons,"BARNEA, AHARON",1,N
glocations,Lebanon,1,N
glocations,West Bank,1,N
persons,"TORKANOWSKY, WERNER",1,N
persons,"YAHIL, LENI",1,N
glocations,Middle East,1,N
glocations,Middle East,1,N
glocations,Middle East,1,N
glocations,Great Britain,1,N
glocations,Middle East,1,N
glocations,Lebanon,1,N
glocations,Middle East,1,N
glocations,Lebanon,1,N
glocations,"EGYPT, ARAB REPUBLIC OF",1,N
glocations,Middle East,1,N
glocations,Middle East,1,N
glocations,South Africa,1,N
glocations,Lebanon,1,N
glocations,New York City,1,N
persons,"HAAS, NICU",1,N
glocations,RUMANIA,1,N
glocations,Lebanon,1,N
glocations,Lebanon,1,N
glocations,Middle East,1,N
glocations,"EGYPT, ARAB REPUBLIC OF",1,N
organizations,United Nations,1,N
organizations,Continuum,1,N
glocations,Middle East,1,N
NA,NA,NA,NA
glocations,Middle East,1,N
subject,Reviews,1,N
subject,TERMS NOT AVAILABLE,1,N
glocations,Iraq,1,N
glocations,Persian Gulf,1,N
organizations,GESHER (THEATER CO),1,N
glocations,Tel Aviv (Israel),1,N
glocations,Syria,1,N
organizations,Democratic Party,1,N
glocations,Middle East,1,N
glocations,Egypt,1,N
glocations,Middle East,1,N
organizations,State Department,1,N
subject,TERMS NOT AVAILABLE,1,N
glocations,Egypt,1,N
glocations,Middle East,1,N
glocations,Middle East,1,N
glocations,Iraq,1,N
glocations,West Bank,1,N
glocations,Middle East,1,N
glocations,Syria,1,N
glocations,Iraq,1,N
subject,Travel Restrictions,1,N
glocations,Middle East,1,N
glocations,Tel Aviv (Israel),1,N
glocations,Libya,1,N
glocations,Iraq,1,N
organizations,MAYAKOVSKY THEATER COMPANY,1,N
glocations,Syria,1,N
glocations,Middle East,1,N
glocations,Middle East,1,N
glocations,Middle East,1,N
creative_works,NEWS SUMMARY (NYT),1,N
glocations,Middle East,1,N
glocations,West Bank,1,N
glocations,Middle East,1,N
glocations,Middle East,1,N
glocations,Middle East,1,N
glocations,Middle East,1,N
glocations,Middle East,1,N
glocations,"JORDAN, HASHEMITE KINGDOM OF",1,N
organizations,National Broadcasting Co,1,N
glocations,Kuwait,1,N
glocations,Israel,1,N
glocations,Israel,1,N
glocations,Iraq,1,N
glocations,Lebanon,1,N
glocations,Pittsburgh (Pa),1,N
glocations,Boise (Idaho),1,N
glocations,Middle East,1,N
glocations,West Bank,1,N
glocations,Italy,1,N
glocations,Italy,1,N
organizations,Boston Symphony Orchestra,1,N
persons,"CLYDE, AMY",1,N
glocations,Middle East,1,N
glocations,Lebanon,1,N
glocations,Iraq,1,N
glocations,Middle East,1,N
subject,News and News Media,1,N
glocations,Lebanon,1,N
glocations,Iraq,1,N
glocations,Israel,1,N
glocations,Lebanon,1,N
subject,News and News Media,1,N
glocations,Sudan,1,N
glocations,Middle East,1,N
glocations,Europe,1,N
subject,News and News Media,1,N
glocations,Iraq,1,N
persons,"GLATZER, NAHUM N",1,N
subject,News and News Media,1,N
glocations,Middle East,1,N
glocations,Egypt,1,N
glocations,Lebanon,1,N
subject,News and News Media,1,N
glocations,Middle East,1,N
glocations,Iraq,1,N
glocations,West Bank,1,N
glocations,Lebanon,1,N
glocations,West Bank,1,N
glocations,Middle East,1,N
glocations,Middle East,1,N
glocations,Egypt,1,N
glocations,West Bank,1,N
glocations,Iraq,1,N
glocations,"JORDAN, HASHEMITE KINGDOM OF",1,N
glocations,East Hampton (NY),1,N
glocations,Lebanon,1,N
glocations,Middle East,1,N
glocations,Middle East,1,N
glocations,West Bank,1,N
glocations,West Bank,1,N
organizations,"NEWSPAPER EDITORS, AMERICAN SOCIETY OF",1,N
organizations,Bronx Museum of the Arts,1,N
persons,"PRYCE-JONES, DAVID",1,N
glocations,Middle East,1,N
creative_works,NEWS SUMMARY (NYT),1,N
glocations,Iraq,1,N
glocations,Lebanon,1,N
persons,"Mackey, Sandra",1,N
glocations,Lebanon,1,N
glocations,Lebanon,1,N
glocations,Lebanon,1,N
glocations,West Bank,1,N
creative_works,NEWS SUMMARY (NYT),1,N
glocations,Iraq,1,N
glocations,Middle East,1,N
glocations,Iraq,1,N
glocations,Lebanon,1,N
persons,"Bush, George",1,N
glocations,Egypt,1,N
glocations,Middle East,1,N
glocations,Iraq,1,N
glocations,Golan Heights,1,N
glocations,Iraq,1,N
glocations,Persian Gulf,1,N
glocations,Middle East,1,N
glocations,Middle East,1,N
glocations,Middle East,1,N
glocations,Egypt,1,N
glocations,"EGYPT, ARAB REPUBLIC OF",1,N
creative_works,NEWS SUMMARY (NYT),1,N
glocations,Iran,1,N
creative_works,NEWS SUMMARY (NYT),1,N
glocations,Great Britain,1,N
glocations,Middle East,1,N
glocations,"JORDAN, HASHEMITE KINGDOM OF",1,N
organizations,IMMIGRATION AND NATURALIZATION SERVICE,1,N
glocations,Middle East,1,N
glocations,Lebanon,1,N
glocations,Middle East,1,N
glocations,Middle East,1,N
glocations,Kuwait,1,N
glocations,Middle East,1,N
glocations,Lebanon,1,N
persons,"Friedman, Thomas L",1,N
glocations,Middle East,1,N
glocations,Middle East,1,N
glocations,Scotland,1,N
glocations,Middle East,1,N
glocations,Middle East,1,N
subject,Dead Sea Scrolls,1,N
glocations,LIVONIA (MICH),1,N
glocations,Middle East,1,N
glocations,Middle East,1,N
glocations,Tripoli (Libya),1,N
glocations,Middle East,1,N
glocations,"EGYPT, ARAB REPUBLIC OF",1,N
glocations,West Bank,1,N
NA,NA,NA,NA
glocations,Middle East,1,N
persons,"SQUADRILLI, ALEXANDER E",1,N
subject,News and News Media,1,N
glocations,Syria,1,N
glocations,New York City,1,N
glocations,Lebanon,1,N
NA,NA,NA,NA
glocations,Middle East,1,N
glocations,Iraq,1,N
glocations,Middle East,1,N
persons,"SYRKIN, MARIE",1,N
glocations,"EGYPT, ARAB REPUBLIC OF",1,N
glocations,Europe,1,N
glocations,Middle East,1,N
glocations,Middle East,1,N
glocations,West Bank,1,N
glocations,Lebanon,1,N
subject,News and News Media,1,N
persons,"GROVER, MARY BETH",1,N
subject,News and News Media,1,N
glocations,"JORDAN, HASHEMITE KINGDOM OF",1,N
subject,NO INDEX TERMS,1,N
glocations,Lebanon,1,N
glocations,Middle East,1,N
glocations,Middle East,1,N
persons,"Amster, Linda",1,N
glocations,Middle East,1,N
glocations,Lebanon,1,N
glocations,Syria,1,N
glocations,Italy,1,N
glocations,Middle East,1,N
glocations,Middle East,1,N
persons,"Houlton, Peggy Mann",1,N
glocations,Middle East,1,N
glocations,Lebanon,1,N
glocations,EL BIREH (ISRAELI-OCCUPIED TERRITORY),1,N
glocations,Middle East,1,N
glocations,Middle East,1,N
glocations,Middle East,1,N
glocations,Lebanon,1,N
subject,News and News Media,1,N
glocations,Middle East,1,N
subject,News and News Media,1,N
glocations,Middle East,1,N
glocations,Middle East,1,N
glocations,Iraq,1,N
glocations,Egypt,1,N
glocations,South Africa,1,N
glocations,Iraq,1,N
glocations,Middle East,1,N
glocations,Egypt,1,N
glocations,Egypt,1,N
subject,NO INDEX TERMS,1,N
glocations,Iraq,1,N
glocations,Middle East,1,N
glocations,Lebanon,1,N
glocations,West Bank,1,N
glocations,Iraq,1,N
glocations,West Bank,1,N
subject,NO INDEX TERMS,1,N
glocations,West Bank,1,N
glocations,Persian Gulf,1,N
glocations,Hungary,1,N
glocations,Middle East,1,N
glocations,Middle East,1,N
glocations,Egypt,1,N
glocations,Great Britain,1,N
glocations,Lebanon,1,N
glocations,"EGYPT, ARAB REPUBLIC OF",1,N
organizations,MOSCOW ART THEATER SCHOOL,1,N
glocations,Middle East,1,N
persons,"REUTHER, HERMAN J",1,N
glocations,Middle East,1,N
glocations,Lebanon,1,N
glocations,JERICHO (OCCUPIED WEST BANK),1,N
glocations,Lebanon,1,N
glocations,Middle East,1,N
glocations,"EUROPE, WEST",1,N
glocations,Lebanon,1,N
NA,NA,NA,NA
NA,NA,NA,NA
glocations,Libya,1,N
glocations,Middle East,1,N
glocations,New York City,1,N
organizations,United Nations,1,N
glocations,"EGYPT, ARAB REPUBLIC OF",1,N
glocations,Italy,1,N
glocations,Lebanon,1,N
persons,"Redgrave, Vanessa",1,N
glocations,Lebanon,1,N
glocations,Middle East,1,N
glocations,Middle East,1,N
glocations,Lebanon,1,N
glocations,Brazil,1,N
glocations,JORDAN RIVER (WEST BANK),1,N
persons,"HILDESHEIMER, WOLFGANG",1,N
persons,"BAGRATION, TEYMURAZ",1,N
glocations,Iraq,1,N
organizations,ISRAELI PHILHARMONIC,1,N
glocations,Middle East,1,N
glocations,Iraq,1,N
glocations,Iraq,1,N
glocations,Lebanon,1,N
glocations,Middle East,1,N
glocations,Lebanon,1,N
glocations,Middle East,1,N
glocations,Middle East,1,N
glocations,Middle East,1,N
glocations,Middle East,1,N
glocations,Lebanon,1,N
glocations,Middle East,1,N
persons,"GREENSPUN, HANK",1,N
glocations,"JORDAN, HASHEMITE KINGDOM OF",1,N
glocations,Middle East,1,N
glocations,West Bank,1,N
glocations,Lebanon,1,N
glocations,Spain,1,N
glocations,Middle East,1,N
subject,Bridge (Card Game),1,N
glocations,"ISRAEL, STATE OF",1,N
organizations,IMMIGRATION AND NATURALIZATION SERVICE,1,N
persons,"PHELPS, PETER",1,N
glocations,Middle East,1,N
glocations,Iraq,1,N
glocations,Middle East,1,N
glocations,South Africa,1,N
glocations,Lebanon,1,N
glocations,South Africa,1,N
glocations,Middle East,1,N
glocations,Middle East,1,N
glocations,Middle East,1,N
glocations,Middle East,1,N
glocations,"ISRAEL, STATE OF",1,N
glocations,Middle East,1,N
glocations,Lebanon,1,N
glocations,Acre (Israel),1,N
glocations,"EGYPT, ARAB REPUBLIC OF",1,N
organizations,CONTINUUM (MUSIC GROUP),1,N
glocations,Middle East,1,N
glocations,Iraq,1,N
glocations,New York City,1,N
glocations,United States,1,N
subject,BOOK REVIEWS,1,N
glocations,Egypt,1,N
glocations,West Bank,1,N
glocations,"EGYPT, ARAB REPUBLIC OF",1,N
glocations,Lebanon,1,N
glocations,Egypt,1,N
glocations,"EGYPT, ARAB REPUBLIC OF",1,N
glocations,PALESTINE,1,N
glocations,Middle East,1,N
persons,"Sununu, John H",1,N
glocations,Lebanon,1,N
glocations,Lebanon,1,N
glocations,Middle East,1,N
glocations,Middle East,1,N
glocations,Middle East,1,N
glocations,"CHAD, REPUBLIC OF",1,N
glocations,Middle East,1,N
subject,NO INDEX TERMS,1,N
glocations,Middle East,1,N
persons,CARADON,1,N
NA,NA,NA,NA
persons,"PREIL, GABRIEL",1,N
glocations,Middle East,1,N
glocations,Middle East,1,N
glocations,West Bank,1,N
glocations,Middle East,1,N
glocations,United States,1,N
glocations,Lebanon,1,N
glocations,Scotland,1,N
glocations,Lebanon,1,N
glocations,Middle East,1,N
glocations,Lebanon,1,N
glocations,JERUSALEM,1,N
glocations,Middle East,1,N
glocations,Middle East,1,N
glocations,NICOSIA (CYPRUS),1,N
glocations,Lebanon,1,N
glocations,Lebanon,1,N
glocations,"EGYPT, ARAB REPUBLIC OF",1,N
glocations,Middle East,1,N
glocations,Middle East,1,N
glocations,Lebanon,1,N
glocations,Middle East,1,N
glocations,Middle East,1,N
glocations,Lebanon,1,N
glocations,Middle East,1,N
glocations,Hong Kong,1,N
glocations,Middle East,1,N
glocations,"EGYPT, ARAB REPUBLIC OF",1,N
persons,"PRINZ, JOACHIM",1,N
glocations,West Bank,1,N
glocations,Iraq,1,N
glocations,West Bank,1,N
persons,"Browning, Christopher R",1,N
glocations,Middle East,1,N
glocations,West Bank,1,N
glocations,Lebanon,1,N
glocations,Syria,1,N
glocations,West Bank,1,N
subject,TERMS NOT AVAILABLE,1,N
persons,"CLARKSON, AUSTIN",1,N
glocations,Iraq,1,N
glocations,West Bank,1,N
subject,NO INDEX TERMS,1,N
glocations,Lebanon,1,N
glocations,West Bank,1,N
glocations,Lebanon,1,N
glocations,Middle East,1,N
glocations,Middle East,1,N
glocations,Middle East,1,N
glocations,"EGYPT, ARAB REPUBLIC OF",1,N
glocations,Tel Aviv (Israel),1,N
glocations,Middle East,1,N
glocations,"JORDAN, HASHEMITE KINGDOM OF",1,N
glocations,Middle East,1,N
NA,NA,NA,NA
glocations,United States,1,N
glocations,Egypt,1,N
glocations,Lebanon,1,N
NA,NA,NA,NA
glocations,Middle East,1,N
glocations,"EGYPT, ARAB REPUBLIC OF",1,N
glocations,Great Britain,1,N
glocations,Serbia,1,N
glocations,Middle East,1,N
organizations,Stamford Theater Works,1,N
glocations,Middle East,1,N
organizations,"TEXTILE MUSEUM (WASHINGTON, DC)",1,N
glocations,Syria,1,N
glocations,Middle East,1,N
glocations,Lebanon,1,N
glocations,Lebanon,1,N
glocations,Europe,1,N
glocations,Egypt,1,N
NA,NA,NA,NA
NA,NA,NA,NA
glocations,Persian Gulf,1,N
glocations,Romania,1,N
glocations,Middle East,1,N
glocations,Romania,1,N
glocations,Middle East,1,N
glocations,Egypt,1,N
glocations,Middle East,1,N
glocations,Middle East,1,N
subject,News and News Media,1,N
subject,TERMS NOT AVAILABLE,1,N
glocations,Lebanon,1,N
glocations,Iraq,1,N
NA,NA,NA,NA
glocations,Middle East,1,N
glocations,Nigeria,1,N
glocations,Middle East,1,N
persons,"STILLER, NIKKI",1,N
glocations,Lebanon,1,N
glocations,Lebanon,1,N
glocations,Middle East,1,N
persons,"LANSING, ROBERT",1,N
glocations,Lebanon,1,N
glocations,Spain,1,N
glocations,Middle East,1,N
glocations,Iraq,1,N
glocations,"EGYPT, ARAB REPUBLIC OF",1,N
glocations,Middle East,1,N
glocations,Spain,1,N
glocations,Lebanon,1,N
glocations,Lebanon,1,N
glocations,Middle East,1,N
glocations,Middle East,1,N
glocations,West Bank,1,N
persons,"PALMIERI, EDMUND L",1,N
glocations,Middle East,1,N
glocations,"EGYPT, ARAB REPUBLIC OF",1,N
glocations,Middle East,1,N
glocations,Middle East,1,N
glocations,Middle East,1,N
glocations,UNION OF SOVIET SOCIALIST REPUBLICS (USSR),1,N
glocations,Lebanon,1,N
glocations,Lockerbie (Scotland),1,N
glocations,Lebanon,1,N
glocations,Middle East,1,N
glocations,"JORDAN, HASHEMITE KINGDOM OF",1,N
glocations,Italy,1,N
glocations,Middle East,1,N
subject,Reviews,1,N
glocations,St Louis (Mo),1,N
glocations,Iraq,1,N
glocations,"JORDAN, HASHEMITE KINGDOM OF",1,N
glocations,Middle East,1,N
glocations,Iraq,1,N
glocations,Iraq,1,N
glocations,Morocco,1,N
glocations,Japan,1,N
glocations,Brooklyn (NYC),1,N
glocations,Egypt,1,N
glocations,West Bank,1,N
glocations,Lebanon,1,N
glocations,Iraq,1,N
glocations,Iraq,1,N
glocations,Kuwait,1,N
glocations,New Jersey,1,N
subject,NO INDEX TERMS,1,N
glocations,West Bank,1,N
glocations,"EGYPT, ARAB REPUBLIC OF",1,N
glocations,Middle East,1,N
glocations,BALATA (ISRAELI-OCCUPIED WEST BANK),1,N
glocations,Syria,1,N
glocations,Egypt,1,N
glocations,Middle East,1,N
glocations,Middle East,1,N
organizations,BANK OF CREDIT & COMMERCE INTERNATIONAL,1,N
glocations,Syria,1,N
glocations,India,1,N
glocations,Lebanon,1,N
glocations,Hungary,1,N
glocations,China,1,N
NA,NA,NA,NA
glocations,Egypt,1,N
glocations,West Bank,1,N
glocations,Lebanon,1,N
glocations,Iraq,1,N
persons,"ZETLIN, LEV",1,N
glocations,Middle East,1,N
glocations,New York City,1,N
glocations,Middle East,1,N
glocations,Middle East,1,N
glocations,Middle East,1,N
glocations,Lebanon,1,N
glocations,UNION OF SOVIET SOCIALIST REPUBLICS,1,N
glocations,Middle East,1,N
glocations,Middle East,1,N
glocations,Great Britain,1,N
glocations,Persian Gulf,1,N
glocations,Iraq,1,N
glocations,Middle East,1,N
glocations,West Bank,1,N
glocations,Middle East,1,N
glocations,Lebanon,1,N
glocations,Great Britain,1,N
glocations,Egypt,1,N
glocations,Egypt,1,N
glocations,Morocco,1,N
glocations,"EGYPT, ARAB REPUBLIC OF",1,N
glocations,Middle East,1,N
glocations,Middle East,1,N
glocations,South Africa,1,N
NA,NA,NA,NA
glocations,Middle East,1,N
glocations,Nicaragua,1,N
glocations,Italy,1,N
glocations,Italy,1,N
glocations,Lebanon,1,N
glocations,Scotland,1,N
glocations,Middle East,1,N
glocations,Lockerbie (Scotland),1,N
organizations,FORTI AND TROUPE,1,N
glocations,Middle East,1,N
glocations,Middle East,1,N
glocations,Middle East,1,N
glocations,Lebanon,1,N
glocations,Lebanon,1,N
glocations,Qabatiya (West Bank),1,N
glocations,Middle East,1,N
glocations,Lebanon,1,N
organizations,United Nations,1,N
glocations,"EGYPT, ARAB REPUBLIC OF",1,N
glocations,Cuba,1,N
glocations,"JORDAN, HASHEMITE KINGDOM OF",1,N
persons,"GOLAN, MENAHEM",1,N
glocations,Lebanon,1,N
glocations,YAKIR (WEST BANK),1,N
glocations,Middle East,1,N
glocations,Lebanon,1,N
glocations,Middle East,1,N
glocations,Middle East,1,N
glocations,Middle East,1,N
persons,"Stone, I F",1,N
glocations,Iraq,1,N
glocations,Egypt,1,N
glocations,West Bank,1,N
glocations,Lebanon,1,N
glocations,Lebanon,1,N
glocations,Middle East,1,N
glocations,Iraq,1,N
persons,"Perlmutter, Amos",1,N
glocations,Middle East,1,N
glocations,Middle East,1,N
glocations,Middle East,1,N
glocations,"EGYPT, ARAB REPUBLIC OF",1,N
glocations,Middle East,1,N
glocations,AL RAM (ISRAELI-OCCUPIED WEST BANK),1,N
NA,NA,NA,NA
persons,"Grossman, David",1,N
glocations,Iraq,1,N
glocations,Lebanon,1,N
glocations,Egypt,1,N
glocations,Syria,1,N
subject,NO INDEX TERMS,1,N
glocations,Lebanon,1,N
glocations,Lebanon,1,N
glocations,Lebanon,1,N
glocations,Iraq,1,N
glocations,Lebanon,1,N
glocations,Persian Gulf,1,N
glocations,LATVIA (USSR),1,N
glocations,Lebanon,1,N
glocations,West Bank,1,N
glocations,TIZI-OUZOU (ALGERIA),1,N
glocations,Lebanon,1,N
subject,NO INDEX TERMS,1,N
glocations,Sudan,1,N
glocations,Persian Gulf,1,N
glocations,Syria,1,N
glocations,Great Britain,1,N
glocations,Egypt,1,N
glocations,Lebanon,1,N
glocations,"EGYPT, ARAB REPUBLIC OF",1,N
glocations,Syria,1,N
glocations,Iraq,1,N
glocations,New York City,1,N
glocations,Persian Gulf,1,N
glocations,Lebanon,1,N
glocations,Middle East,1,N
glocations,Scotland,1,N
persons,"SALZMAN, HERBERT",1,N
glocations,Egypt,1,N
glocations,Middle East,1,N
glocations,Middle East,1,N
glocations,Middle East,1,N
glocations,Middle East,1,N
organizations,United Nations,1,N
glocations,Egypt,1,N
glocations,Morris Township (NJ),1,N
glocations,Kuwait,1,N
persons,"SCHOCKEN, GERSHOM G",1,N
glocations,Iraq,1,N
NA,NA,NA,NA
glocations,France,1,N
glocations,Middle East,1,N
glocations,RISHON LE ZION (ISRAEL),1,N
glocations,Middle East,1,N
persons,"Columbus, Christopher",1,N
glocations,Middle East,1,N
glocations,Middle East,1,N
glocations,Middle East,1,N
organizations,British Broadcasting Corp,1,N
glocations,United States,1,N
glocations,Panama,1,N
glocations,Middle East,1,N
glocations,Lebanon,1,N
organizations,WPIX,1,N
glocations,Middle East,1,N
glocations,Italy,1,N
glocations,New York City,1,N
glocations,Oman,1,N
glocations,Middle East,1,N
glocations,Middle East,1,N
glocations,Middle East,1,N
glocations,"ISRAEL, STATE OF",1,N
glocations,Middle East,1,N
glocations,Middle East,1,N
persons,"Hitler, Adolf",1,N
glocations,Persian Gulf,1,N
glocations,Middle East,1,N
glocations,Persian Gulf,1,N
glocations,Lebanon,1,N
glocations,Syria,1,N
glocations,West Bank,1,N
glocations,Iraq,1,N
glocations,Middle East,1,N
glocations,Middle East,1,N
glocations,Iraq,1,N
glocations,Middle East,1,N
subject,Records and Achievements,1,N
glocations,Middle East,1,N
glocations,Middle East,1,N
glocations,"EGYPT, ARAB REPUBLIC OF",1,N
glocations,Middle East,1,N
glocations,Egypt,1,N
glocations,Middle East,1,N
glocations,Egypt,1,N
glocations,West Bank,1,N
NA,NA,NA,NA
glocations,West Bank,1,N
glocations,Middle East,1,N
glocations,Europe,1,N
glocations,Scotland,1,N
NA,NA,NA,NA
glocations,Middle East,1,N
glocations,Lebanon,1,N
